{
  "WorkHours": 0.0949095034102645,
  "ScreenTime": 0.08707780339234279,
  "SleepHours": 0.0990494084056213,
  "ActivityMinutes": 0.4041038960047224,
  "CaffeineCups": 0.010527298528746006,
  "WaterIntakeL": 0.01629092793892299,
  "BreaksPerDay": 0.009334932212612002,
  "BMI": 0.03435859416302522,
  "JobSatisfaction": 0.009544724807508745,
  "BurnoutLevel": 0.2204733378682954,
  "Age": 0.01432957326793867
}