{
  "WorkHours": 0.09260676056146622,
  "ScreenTime": 0.06400788575410843,
  "SleepHours": 0.15416637063026428,
  "ActivityMinutes": 0.24895606935024261,
  "CaffeineCups": 0.026459598913788795,
  "WaterIntakeL": 0.021243175491690636,
  "BreaksPerDay": 0.02253681607544422,
  "BMI": 0.03861493617296219,
  "JobSatisfaction": 0.020147915929555893,
  "BurnoutLevel": 0.2894251048564911,
  "Age": 0.02183542586863041
}