{"XGBoost": {"error": "The 'estimator' parameter of learning_curve must be an object implementing 'fit'. Got <utils.ml_models.XGBWrap object at 0x000002263AC01580> instead."}, "Gradient Boosting": {"sizes": [266, 533, 799, 1066, 1333], "train_mean": [0.9066089582219875, 0.8498713065897094, 0.8212514181677056, 0.8071926798109764, 0.8012677641847046], "val_mean": [0.693779436590717, 0.7174052961839622, 0.7248144473266552, 0.7262684729698338, 0.7263391396554052], "kind": "regressor"}, "Logistic Regression": {"sizes": [266, 533, 799, 1066, 1333], "train_mean": [0.9899749373433583, 0.9906191369606003, 0.9883187317480183, 0.9884302689180737, 0.9874968742185546], "val_mean": [0.9785002393698047, 0.9804999902451176, 0.9845009927468698, 0.9829994912453683, 0.9860002431216824], "kind": "classifier"}}